{"FeederHeadLine": "Line.l(r:p2udt4058-p2uhs12_1247)", "FeederHeadLoading": 0.42802409655872276, "FeederHeadLoadKW": -3962.3813798790593, "FeederHeadLoadKVar": -1413.5334344556086, "ReversePowerFlow": false}