{"FeederHeadLine": "Line.l(r:idt629-ihs0_1247)", "FeederHeadLoading": 0.05021078827718126, "FeederHeadLoadKW": -1066.6538374005556, "FeederHeadLoadKVar": -93.79725258029977, "ReversePowerFlow": false}