{"FeederHeadLine": "Line.l(r:idt226-ihs3_1247)", "FeederHeadLoading": 0.1200678708405772, "FeederHeadLoadKW": -1183.7805757609033, "FeederHeadLoadKVar": 103.87119300574302, "ReversePowerFlow": false}