{"FeederHeadLine": "Line.l(r:rdt1527-rhs0_1247)", "FeederHeadLoading": 0.3447484973317984, "FeederHeadLoadKW": -2333.1848607897655, "FeederHeadLoadKVar": -679.0815890978025, "ReversePowerFlow": false}