{"FeederHeadLine": "Line.l(r:rdt1527-rhs0_1247)", "FeederHeadLoading": 0.3440714504192822, "FeederHeadLoadKW": -2328.65345615141, "FeederHeadLoadKVar": -678.8838900218816, "ReversePowerFlow": false}