{"FeederHeadLine": "Line.l(r:p2udt3761-p2uhs2_1247)", "FeederHeadLoading": 0.3230570791245385, "FeederHeadLoadKW": -6626.847843896929, "FeederHeadLoadKVar": -1866.343201903413, "ReversePowerFlow": false}