{"FeederHeadLine": "Line.l(r:rdt137-rhs1_1247)", "FeederHeadLoading": 0.3303741458192404, "FeederHeadLoadKW": -2604.170907509811, "FeederHeadLoadKVar": -558.632266054919, "ReversePowerFlow": false}